date,open,high,low,close,volume,amount
2023-05-29,314.000,314.000,298.000,300.000,28838839,9139977216.000
2023-05-30,298.600,305.000,294.400,303.000,21736553,6812911104.000
2023-05-31,301.400,301.400,292.800,297.400,32131907,9981997824.000
2023-06-01,299.400,310.200,298.000,302.200,22951704,7292374016.000
2023-06-02,314.400,321.000,310.200,321.000,32055423,10589659648.000
2023-06-05,322.800,325.600,316.800,325.000,19890895,6676336640.000
2023-06-06,324.800,326.000,315.800,318.000,16700158,5572482304.000
2023-06-07,326.800,326.800,321.400,322.400,18254900,6159602688.000
2023-06-08,319.600,322.000,315.000,321.600,13133723,4361434880.000
2023-06-09,323.200,326.800,320.600,322.800,16184167,5451644928.000
2023-06-12,326.800,326.800,321.000,325.200,13488760,4557765632.000
2023-06-13,326.400,335.200,324.800,331.600,23119808,7957106176.000
2023-06-14,333.400,340.200,330.800,332.400,22081967,7691036416.000
2023-06-15,339.800,341.800,334.800,341.800,25008358,8813278464.000
2023-06-16,345.800,351.200,342.600,349.800,35853943,12946981888.000
2023-06-19,346.400,346.800,337.200,344.000,20273905,7189369344.000
2023-06-20,340.800,346.000,334.000,336.800,16283873,5713762048.000
2023-06-21,328.400,332.800,323.800,327.200,19304438,6568809216.000
2023-06-23,326.800,327.600,319.800,323.800,13898721,4679575040.000
2023-06-26,322.400,326.200,317.000,319.600,18157220,6064114688.000
2023-06-27,319.600,331.200,319.600,328.200,17490624,5959539712.000
2023-06-28,326.800,327.800,320.600,323.000,15887756,5353376000.000
2023-06-29,325.800,325.800,318.000,320.400,13517437,4513065472.000
2023-06-30,317.800,320.600,316.200,318.400,16197039,5367017472.000
2023-07-03,318.600,326.800,318.600,324.800,14198462,4784258560.000
2023-07-04,323.200,328.000,323.000,326.000,9439642,3197624160.000
2023-07-05,326.600,327.800,320.000,322.200,9861945,3314699536.000
2023-07-06,319.000,323.800,312.200,313.600,19781825,6504989696.000
2023-07-07,310.000,318.400,306.800,313.400,21595356,7015522304.000
2023-07-10,320.600,322.600,314.200,315.600,17287899,5712851200.000
2023-07-11,319.400,322.400,317.000,320.600,12361269,4120721936.000
2023-07-12,325.400,327.800,322.600,326.800,16847310,5716051712.000
2023-07-13,336.800,337.400,333.800,336.600,27315463,9530812928.000
2023-07-14,341.600,341.600,335.600,339.400,21213481,7461794560.000
2023-07-18,338.600,338.600,321.800,323.200,29147987,9911757056.000
2023-07-19,317.400,320.600,313.800,319.800,21913296,7240460800.000
2023-07-20,322.800,328.600,317.400,319.600,16564481,5556791296.000
2023-07-21,319.600,324.200,317.800,319.800,11843920,3952114064.000
2023-07-24,315.400,317.800,310.600,311.800,17451591,5702816768.000
2023-07-25,323.800,332.400,321.800,331.800,29203653,9931910144.000
2023-07-26,331.600,331.600,325.000,327.800,14941840,5092535296.000
2023-07-27,332.800,333.200,327.200,330.600,13651548,4698584320.000
2023-07-28,330.600,338.800,325.400,337.200,22244305,7739027968.000
2023-07-31,346.800,349.800,337.600,341.200,36796567,13119804928.000
2023-08-01,342.800,347.800,334.000,340.800,23436211,8303605248.000
2023-08-02,338.400,339.200,327.000,330.200,21038298,7251316736.000
2023-08-03,328.800,334.600,325.800,329.000,16661383,5745551360.000
2023-08-04,335.400,337.400,326.000,330.200,19099499,6574571008.000
2023-08-07,327.000,328.600,324.800,328.000,9480118,3221321552.000
2023-08-08,321.200,324.000,320.200,321.600,15381749,5149851648.000
2023-08-09,319.800,325.000,318.800,324.000,11917732,3989808432.000
2023-08-10,324.000,328.400,322.400,326.600,11185881,3786436144.000
2023-08-11,325.600,328.400,321.400,322.600,12303930,4141506048.000
2023-08-14,314.800,321.200,314.600,320.000,15754526,5226439936.000
2023-08-15,318.000,321.800,317.400,319.400,10787439,3587997392.000
2023-08-16,316.600,317.800,314.400,315.600,16484843,5424343808.000
2023-08-17,307.400,322.600,307.400,319.600,28817958,9486311424.000
2023-08-18,316.200,319.600,311.800,311.800,18108794,5944608768.000
2023-08-21,307.800,312.600,304.800,304.800,25696855,8249693184.000
2023-08-22,305.000,311.400,301.200,305.800,24679965,7873317632.000
2023-08-23,306.800,308.200,303.800,304.800,17244848,5498780416.000
2023-08-24,307.800,314.800,307.800,312.000,22340826,7249199360.000
2023-08-25,309.400,310.600,306.800,306.800,12542511,4032148400.000
2023-08-28,317.400,320.400,311.600,312.000,19402834,6356409856.000
2023-08-29,312.200,318.800,312.200,316.200,15382479,5067422720.000
2023-08-30,320.600,320.800,311.800,312.600,15190035,4992667648.000
2023-08-31,317.800,318.600,308.800,311.800,49737237,16198347008.000
2023-09-04,316.800,321.400,315.200,320.200,30748869,10160809728.000
2023-09-05,318.800,321.800,314.200,315.800,13250752,4370874368.000
2023-09-06,315.800,315.800,310.000,314.400,16488562,5381303808.000
2023-09-07,313.400,314.000,307.000,308.400,16724228,5391223808.000
2023-09-11,302.200,312.200,302.200,310.800,18808064,6040944640.000
2023-09-12,314.800,314.800,306.600,308.800,10399333,3355116160.000
2023-09-13,312.800,312.800,305.800,307.000,10662703,3421558272.000
2023-09-14,309.200,309.400,305.200,306.600,10153112,3249440576.000
2023-09-15,306.800,308.600,303.800,304.000,19218155,6120466176.000
2023-09-18,304.000,305.800,299.000,299.000,14736625,4644323072.000
2023-09-19,299.600,301.600,295.600,299.200,15579978,4858993920.000
2023-09-20,299.400,299.400,294.800,296.000,13663748,4232881520.000
2023-09-21,293.600,295.200,288.800,289.800,19116385,5800506624.000
2023-09-22,288.800,300.800,287.000,300.400,21236877,6532964096.000
2023-09-25,298.200,298.400,290.000,291.200,18307015,5598702592.000
2023-09-26,287.800,290.400,285.000,286.800,15924558,4792868864.000
2023-09-27,284.800,291.000,284.800,288.800,14203461,4279249840.000
2023-09-28,288.600,289.400,283.200,284.200,15604031,4656643840.000
2023-09-29,284.400,295.200,284.000,293.000,11252646,3427495232.000
2023-10-03,288.800,288.800,283.200,287.400,15122710,4529560064.000
2023-10-04,286.600,286.800,282.200,284.400,10942209,3255192432.000
2023-10-05,286.600,290.400,285.400,286.600,10801914,3248496144.000
2023-10-06,290.600,294.200,288.600,292.000,11076858,3377586512.000
2023-10-09,292.200,295.600,288.800,293.800,11396304,3494379456.000
2023-10-10,294.800,301.600,292.800,295.000,16445252,5092537856.000
2023-10-11,300.800,301.400,297.200,297.800,16424531,5127315968.000
2023-10-12,303.400,304.000,301.600,303.400,13451541,4253651024.000
2023-10-13,299.600,299.800,292.200,293.600,13367440,4126234800.000
2023-10-16,295.600,295.600,287.000,288.000,12452816,3763941344.000
2023-10-17,291.400,291.400,286.800,289.000,9202480,2778330480.000
2023-10-18,287.000,288.400,284.200,286.800,12001017,3597465824.000
2023-10-19,282.200,284.400,278.000,278.000,17216427,5071175680.000
2023-10-20,274.200,277.000,273.000,275.800,19212180,5532516608.000
2023-10-24,273.800,276.600,269.400,269.800,21619960,6162879488.000
2023-10-25,279.200,283.200,272.000,274.600,17506229,5096837120.000
2023-10-26,273.600,277.000,269.800,274.400,11446711,3278486896.000
2023-10-27,274.400,281.400,273.800,279.600,16455031,4795573248.000
2023-10-30,278.400,284.600,277.600,282.200,14357754,4228011952.000
2023-10-31,282.200,282.200,274.800,276.000,13727382,3984600480.000
2023-11-01,275.600,276.800,271.200,273.800,11006036,3157915344.000
2023-11-02,276.800,281.000,273.600,275.400,10477412,3037345200.000
2023-11-03,279.000,291.000,278.200,289.400,21575201,6455647488.000
2023-11-06,296.600,301.000,294.000,299.400,26863379,8358214400.000
2023-11-07,299.400,300.800,293.000,295.400,13397743,4143070768.000
2023-11-08,296.200,301.400,294.200,295.200,12879809,4001595296.000
2023-11-09,291.800,295.600,291.800,293.600,10272208,3148081936.000
2023-11-10,291.400,291.400,288.000,289.600,9871831,2987541088.000
2023-11-13,289.000,298.600,287.000,296.600,13586029,4154169984.000
2023-11-14,298.600,298.800,292.400,294.600,12477388,3842261216.000
2023-11-15,303.400,310.400,300.800,309.400,32454690,10350835968.000
2023-11-16,316.800,316.800,303.000,311.600,35296026,11408055296.000
2023-11-17,310.400,310.400,300.000,302.000,21970164,6964405248.000
2023-11-20,303.000,315.600,303.000,313.400,27782719,9006002432.000
2023-11-21,317.200,319.400,310.400,311.600,24188659,7943866880.000
2023-11-22,314.800,316.800,308.800,311.200,14169841,4616781568.000
2023-11-23,313.400,316.400,310.400,316.000,14531153,4757635328.000
2023-11-24,316.400,316.400,306.800,308.000,15236522,4930730496.000
2023-11-27,311.800,311.800,304.800,309.600,12232068,3932052880.000
2023-11-28,311.200,311.200,303.800,306.400,15153725,4845979136.000
2023-11-29,309.800,310.800,300.400,303.800,16856744,5350806016.000
2023-11-30,304.200,313.800,303.800,313.800,30308092,9825334784.000
2023-12-01,311.600,312.600,305.800,305.800,15149684,4879489536.000
2023-12-04,309.800,311.000,302.000,303.600,14907238,4757921280.000
2023-12-05,307.800,307.800,291.800,295.600,23730039,7365272832.000
2023-12-06,293.400,301.600,289.200,298.400,15896242,4923099392.000
2023-12-07,295.800,298.000,290.800,294.600,13703651,4202919808.000
2023-12-08,294.200,296.000,287.800,292.400,16600566,5058680832.000
2023-12-11,287.600,295.400,285.200,294.000,18402157,5572601600.000
2023-12-12,293.800,298.600,293.000,298.200,12995914,4023372816.000
2023-12-13,296.400,297.600,291.200,293.800,14145125,4349541632.000
2023-12-14,296.800,300.800,291.400,293.200,17198776,5291009792.000
2023-12-15,297.800,306.200,295.800,301.200,30917917,9741462272.000
2023-12-18,296.400,299.400,296.400,298.400,12094993,3761863744.000
2023-12-19,297.800,301.200,293.400,298.600,12530326,3892814256.000
2023-12-20,303.000,305.000,299.000,301.000,14187408,4471236352.000
2023-12-21,296.000,300.400,295.800,299.400,10167030,3167141136.000
2023-12-22,303.800,303.800,250.400,260.800,147014902,40572370944.000
2023-12-27,269.000,277.800,269.000,271.800,64471032,18422333184.000
2023-12-28,271.800,282.400,271.600,279.800,37840686,10982107904.000
2023-12-29,281.800,282.600,276.400,280.400,19624685,5748957696.000
2024-01-02,286.800,291.800,281.200,283.400,23354069,6962383872.000
2024-01-03,280.800,288.400,279.200,287.400,20391718,6085147392.000
2024-01-04,291.200,291.200,284.800,285.600,20217430,6060645120.000
2024-01-05,282.200,283.400,276.400,279.000,23745017,6955882240.000
2024-01-08,281.200,281.400,272.000,274.800,16718452,4808945664.000
2024-01-09,272.800,276.000,270.200,270.400,16927478,4836417280.000
2024-01-10,268.800,272.000,263.600,267.000,19146068,5366550784.000
2024-01-11,267.400,279.200,266.800,274.200,20604580,5923778816.000
2024-01-12,272.400,279.800,271.600,275.200,15770055,4564846592.000
2024-01-15,276.800,280.600,274.400,276.200,16334371,4735733248.000
2024-01-16,270.600,275.600,266.800,269.200,22236094,6296367872.000
2024-01-17,263.800,265.600,259.000,261.400,36114167,9920052480.000
2024-01-18,261.400,266.000,258.000,264.400,24604079,6776282624.000
2024-01-19,261.800,269.400,255.000,258.000,26897479,7357692928.000
2024-01-22,257.400,258.400,247.000,249.000,33654810,8880717568.000
2024-01-23,253.600,265.000,250.000,258.800,35610787,9683595264.000
2024-01-24,266.400,271.200,259.000,268.600,33863638,9417935616.000
2024-01-25,271.800,278.800,267.600,277.600,34160783,9841462528.000
2024-01-26,275.000,277.000,268.000,269.600,24815795,7079875584.000
2024-01-29,272.800,275.200,266.200,268.800,20159014,5699930880.000
2024-01-30,264.000,266.800,259.800,260.600,21505998,5913403648.000
2024-01-31,260.600,264.800,255.200,257.400,20052974,5438242048.000
2024-02-01,256.800,264.600,254.800,258.400,17329472,4720877824.000
2024-02-02,271.400,274.400,261.800,266.200,31053753,8741240832.000
2024-02-05,265.200,270.200,260.600,266.400,20456590,5693719808.000
2024-02-06,266.600,279.400,266.400,277.600,28856902,8307954176.000
2024-02-07,281.800,283.800,275.600,279.000,26343654,7718411776.000
2024-02-08,276.800,280.000,273.200,274.000,17910672,5168657408.000
2024-02-09,271.400,274.200,268.200,274.000,6732059,1913725600.000
2024-02-14,273.800,278.000,268.800,276.800,11567444,3330238320.000
2024-02-15,275.400,276.800,271.800,272.200,12568028,3601580016.000
2024-02-16,272.400,278.600,267.200,278.600,17215356,4948591616.000
2024-02-19,278.200,278.200,270.600,271.600,15415304,4415094272.000
2024-02-20,273.800,274.600,267.200,271.000,15773028,4459365120.000
2024-02-21,267.600,281.400,267.600,275.600,23947218,6932698624.000
2024-02-22,275.000,278.200,273.600,278.200,12441270,3603265888.000
2024-02-23,276.800,283.200,273.800,277.600,13229798,3842413520.000
2024-02-26,274.200,277.000,272.200,274.000,12412426,3559023840.000
2024-02-27,273.000,273.000,265.000,271.400,23612599,6662498560.000
2024-02-28,271.800,272.600,263.200,263.800,25903478,7245008384.000
2024-02-29,262.000,265.800,261.400,264.000,29721885,8231584512.000
2024-03-01,259.800,265.800,258.600,264.200,27952651,7713358080.000
2024-03-04,264.200,266.800,261.600,263.000,13832089,3823469216.000
2024-03-05,257.000,260.000,253.000,255.000,26055083,7021429248.000
2024-03-06,252.800,263.800,252.600,261.400,23289346,6357883392.000
2024-03-07,261.600,262.400,256.000,257.800,17159729,4665844736.000
2024-03-08,258.800,262.400,256.800,256.800,12416156,3380545328.000
2024-03-11,258.000,265.400,258.000,265.400,17866889,4936584704.000
2024-03-12,268.800,279.400,267.000,277.600,36531141,10506831872.000
2024-03-13,278.200,280.800,275.400,277.400,20074418,5850784512.000
2024-03-14,276.200,280.800,273.600,276.000,14227432,4114240448.000
2024-03-15,269.800,273.000,266.400,270.600,29183023,8265577728.000
2024-03-18,269.000,278.200,269.000,276.600,19633305,5654374656.000
2024-03-19,275.800,278.000,271.800,271.800,15635351,4493812224.000
2024-03-20,272.200,277.000,269.800,275.600,15622235,4499879168.000
2024-03-21,282.000,285.000,276.400,278.000,36868686,10838694400.000
2024-03-22,274.200,277.200,269.200,275.600,26432205,7578583808.000
2024-03-25,275.600,277.400,271.800,275.400,21127168,6091144960.000
2024-03-26,272.800,287.400,272.800,286.200,33998571,10047178496.000
2024-03-27,282.800,294.400,282.600,288.800,38753084,11767791360.000
2024-03-28,288.800,296.400,288.200,290.600,30000843,9153818112.000
2024-04-02,295.800,299.200,294.600,296.000,26561604,8219109376.000
2024-04-03,298.800,298.800,293.200,295.200,19696947,6080044288.000
2024-04-05,296.400,298.400,291.200,296.800,13582369,4191612736.000
2024-04-08,292.000,297.800,291.200,292.200,21656541,6642553856.000
2024-04-09,294.200,295.600,289.800,291.800,17879375,5461280512.000
2024-04-10,293.200,302.000,293.200,301.000,24730145,7718210048.000
2024-04-11,296.600,303.400,295.800,301.800,18834968,5912379648.000
2024-04-12,300.800,304.800,296.200,296.400,23031342,7201400832.000
2024-04-15,291.400,295.600,290.600,291.200,18295291,5593339136.000
2024-04-16,288.000,295.200,286.800,288.600,19691636,5979714048.000
2024-04-17,288.600,290.800,284.600,287.600,14410544,4332377088.000
2024-04-18,289.000,295.600,285.400,291.200,19058907,5817112832.000
2024-04-19,290.200,292.200,286.400,290.600,19472600,5891457536.000
2024-04-22,294.800,309.400,293.600,307.200,41133325,13065634048.000
2024-04-23,312.800,320.400,312.000,319.200,43821652,14443015936.000
2024-04-24,324.600,331.800,322.200,331.000,41472682,14131709440.000
2024-04-25,327.000,333.200,323.200,326.200,27727556,9447179520.000
2024-04-26,326.800,338.600,326.800,335.200,29599531,10298055680.000
2024-04-29,335.200,341.600,332.000,334.400,25416523,8909313792.000
2024-04-30,336.400,337.600,330.800,334.000,15957023,5549476352.000
2024-05-02,335.800,348.000,332.200,347.200,22479610,8048229632.000
2024-05-03,357.800,359.400,347.400,351.200,23592345,8612647936.000
2024-05-06,351.400,359.800,349.800,357.000,26208326,9662184960.000
2024-05-07,354.200,358.000,350.200,352.600,19408056,7119649536.000
2024-05-08,353.200,358.600,346.600,348.200,20058148,7307654400.000
2024-05-09,347.800,356.800,347.200,356.600,16026030,5882164736.000
2024-05-10,360.600,361.000,351.800,357.800,15693045,5809252096.000
2024-05-13,355.400,366.800,354.800,365.000,20558084,7727774464.000
2024-05-14,367.800,371.600,365.400,368.600,21603101,8251923712.000
2024-05-16,386.800,387.800,381.400,383.800,58430778,23268551936.000
2024-05-17,387.200,390.400,384.400,385.200,27916392,11081611008.000
2024-05-20,387.200,390.000,383.000,385.200,22331961,8829405440.000
2024-05-21,383.600,383.600,369.800,373.800,30679849,11791772160.000
2024-05-22,369.400,377.000,366.800,374.600,22374764,8564093696.000
2024-05-23,370.800,374.200,366.600,372.000,18323988,6982435840.000
2024-05-24,368.400,372.800,365.000,367.200,19143321,7222648064.000
2024-05-27,362.200,367.800,352.600,367.600,32132068,11927773440.000
2024-05-28,367.400,376.200,363.600,370.400,16614787,6330014208.000
2024-05-29,367.600,370.000,359.800,361.200,27378220,10232747264.000
2024-05-30,360.200,364.400,356.000,358.200,22006500,8119057664.000
2024-05-31,361.400,369.200,350.000,350.000,40035868,14674997504.000
2024-06-03,357.000,369.200,356.800,365.200,28125374,10465478656.000
2024-06-04,365.200,369.800,364.000,367.600,18043066,6808408320.000
2024-06-05,367.800,378.000,367.800,371.000,20205424,7734931456.000
2024-06-06,377.600,381.200,369.200,371.800,18888938,7252563200.000
2024-06-07,373.200,374.800,363.000,365.000,25247259,9484569600.000
2024-06-11,357.600,368.000,357.600,364.000,26496779,9897549312.000
2024-06-12,364.000,368.000,359.800,361.000,14960058,5568239360.000
2024-06-13,366.600,370.800,363.800,370.000,15337042,5782500096.000
2024-06-14,373.800,373.800,368.800,370.000,20859332,7947024640.000
2024-06-17,366.400,376.000,365.000,371.400,15281150,5828851456.000
2024-06-18,371.600,374.000,367.200,367.200,14278934,5421694720.000
2024-06-19,370.600,381.200,368.600,379.200,22313477,8621510912.000
2024-06-20,382.200,382.200,375.800,377.800,14049005,5458760192.000
2024-06-21,374.000,375.400,368.200,371.600,25855005,9865327616.000
2024-06-24,367.800,371.200,364.200,370.600,12919565,4877042688.000
2024-06-25,372.000,375.200,368.800,372.200,12789522,4886651392.000
2024-06-26,369.400,373.200,367.200,372.200,11886907,4523976704.000
2024-06-27,369.800,370.200,362.400,364.600,17513758,6579330048.000
2024-06-28,361.800,366.200,361.000,362.600,15561097,5808359680.000
2024-07-02,357.200,366.400,355.400,359.400,27266647,10065077760.000
2024-07-03,357.000,371.000,357.000,369.600,22256951,8344723456.000
2024-07-04,377.000,377.000,368.800,372.600,15437093,5903308288.000
2024-07-05,375.000,375.800,369.000,370.000,10522095,4013583392.000
2024-07-08,372.000,373.400,365.800,368.800,11623215,4404429824.000
2024-07-09,367.200,372.400,366.200,371.200,13024401,4937581824.000
2024-07-10,375.400,376.000,367.000,367.800,15586645,5939592192.000
2024-07-11,369.600,376.200,368.400,375.000,16590064,6361566208.000
2024-07-12,381.000,387.400,379.400,387.200,27521352,10843285248.000
2024-07-15,383.400,387.200,378.800,380.400,13680185,5356488192.000
2024-07-16,376.200,377.600,368.000,368.200,19061149,7266853632.000
2024-07-17,365.200,367.600,358.600,362.000,25857823,9626459904.000
2024-07-18,358.200,361.800,357.200,359.400,18944747,7004246016.000
2024-07-19,356.800,358.600,353.200,354.200,23088518,8436931072.000
2024-07-22,357.400,366.000,355.600,363.400,16960926,6308844544.000
2024-07-23,365.200,366.600,356.200,356.400,12104461,4468644096.000
2024-07-24,356.000,359.800,350.800,353.400,11800216,4296613376.000
2024-07-25,350.400,351.800,341.200,341.400,25787277,9109434880.000
2024-07-26,343.000,348.600,342.600,344.600,13267324,4713926912.000
2024-07-29,350.000,352.200,344.000,348.400,12872249,4621511168.000
2024-07-30,345.600,347.800,342.600,343.800,9749595,3449679968.000
2024-07-31,342.400,357.000,341.200,352.400,20304313,7342932736.000
2024-08-01,354.000,358.800,353.800,355.800,12412285,4542267392.000
2024-08-02,351.000,355.600,346.400,348.400,17707597,6362989312.000
2024-08-05,342.200,354.400,339.200,346.800,22963458,8149878016.000
2024-08-06,350.800,353.600,339.600,344.600,17674374,6271399936.000
2024-08-07,345.400,355.600,345.400,353.600,15840290,5741644800.000
2024-08-08,351.400,364.600,349.600,358.400,18811540,6937668096.000
2024-08-09,361.600,366.200,358.600,360.200,16353916,6076519168.000
2024-08-12,362.200,366.800,360.200,365.200,10215275,3820531728.000
2024-08-13,366.200,370.800,365.800,368.800,13590391,5139849728.000
2024-08-14,368.800,369.600,359.600,364.000,18692686,6972998400.000
2024-08-15,356.400,365.000,354.400,358.600,21443850,7911688704.000
2024-08-16,362.200,365.400,359.000,362.800,16414338,6118049536.000
2024-08-19,367.800,367.800,361.400,362.800,15210162,5682955520.000
2024-08-20,363.000,364.000,359.200,360.600,11852608,4396264704.000
2024-08-21,357.600,364.000,355.400,361.800,11647083,4321314048.000
2024-08-22,365.000,368.000,361.400,368.000,16786859,6292362496.000
2024-08-23,367.200,368.800,363.800,365.800,13055635,4915768320.000
2024-08-26,368.200,375.000,367.800,372.200,16251125,6187193088.000
2024-08-27,368.200,372.800,367.400,372.000,13675535,5201725440.000
2024-08-28,373.200,373.200,362.600,364.400,14602521,5488468992.000
2024-08-29,360.200,368.200,359.200,367.800,12890430,4823697920.000
2024-08-30,367.800,375.800,367.000,372.200,30873303,11814702080.000
2024-09-02,370.200,373.400,366.600,368.000,13878671,5266962688.000
2024-09-03,368.200,371.600,365.000,368.400,9814885,3712928880.000
2024-09-04,364.400,366.800,361.400,363.000,13278870,4953267456.000
2024-09-05,360.600,366.800,360.600,363.600,9576319,3573609648.000
2024-09-09,360.200,361.400,355.400,361.400,20078164,7403940608.000
2024-09-10,359.400,360.800,356.200,358.800,12303441,4541788160.000
2024-09-11,356.800,360.800,355.200,360.400,12043623,4427792896.000
2024-09-12,361.200,367.200,359.800,362.800,13800366,5155819264.000
2024-09-13,363.000,367.000,363.000,365.000,11013765,4126159328.000
2024-09-16,362.800,368.000,360.600,368.000,7689238,2888661600.000
2024-09-17,362.200,371.600,362.200,370.200,10147851,3843832272.000
2024-09-19,369.800,380.000,366.800,379.000,25801963,9956352000.000
2024-09-20,380.200,383.600,374.000,378.800,28407069,11037803008.000
2024-09-23,378.200,382.200,375.400,377.800,15223032,5901921792.000
2024-09-24,383.200,392.400,379.600,392.400,42919010,17036649472.000
2024-09-25,408.200,408.200,391.600,395.600,40112126,16419449344.000
2024-09-26,398.200,420.200,397.000,420.200,50254878,21170861568.000
2024-09-27,433.400,435.000,422.800,428.000,57154793,25050353664.000
2024-09-30,439.800,447.600,424.400,434.800,75459468,33640909824.000
2024-10-02,440.200,469.800,439.400,460.200,48766943,22740694528.000
2024-10-03,461.200,466.800,443.400,456.400,31600782,14666391296.000
2024-10-04,460.200,469.200,452.400,467.800,24663665,11687744256.000
2024-10-07,470.000,472.600,459.800,468.600,25334387,12100493312.000
2024-10-08,462.200,467.000,428.800,428.800,70468024,31910928640.000
2024-10-09,439.200,443.200,414.200,424.400,46372903,20395255808.000
2024-10-10,428.200,438.800,426.600,429.000,33111230,14647696640.000
2024-10-14,431.000,431.000,414.200,426.200,30316807,13164335616.000
2024-10-15,424.000,424.000,402.800,407.200,33478410,14096594688.000
2024-10-16,405.200,416.000,402.800,406.000,22490256,9408091904.000
2024-10-17,408.200,417.000,400.200,402.800,16476899,6891360512.000
2024-10-18,402.800,425.800,401.600,421.000,25963857,11032073984.000
2024-10-21,420.800,421.600,409.400,411.200,16334100,6931274496.000
2024-10-22,413.400,413.800,408.200,411.800,11027704,4640118272.000
2024-10-23,413.200,422.400,406.800,418.400,14656951,6257381376.000
2024-10-24,415.200,415.800,409.800,412.200,11202752,4728256768.000
2024-10-25,417.800,417.800,408.800,411.200,11951879,5042478336.000
2024-10-28,411.200,412.400,403.800,407.400,15551935,6490536192.000
2024-10-29,409.600,413.600,405.400,408.600,13797786,5779088128.000
2024-10-30,403.800,408.200,400.800,401.200,17895482,7390928896.000
2024-10-31,400.600,409.000,394.800,394.800,22753709,9311202048.000
2024-11-01,396.200,412.600,396.200,409.400,21086569,8772957440.000
2024-11-04,413.200,414.000,406.200,409.200,11706119,4907800576.000
2024-11-05,405.400,418.000,405.400,418.000,15270863,6467649536.000
2024-11-06,415.200,416.400,403.400,410.000,20755203,8721758208.000
2024-11-07,407.200,419.800,404.600,418.600,19924018,8451854848.000
2024-11-08,425.200,426.200,409.600,411.000,19389836,8248754944.000
2024-11-11,402.200,405.800,399.600,403.400,22857586,9415370496.000
2024-11-12,399.600,404.000,393.200,394.000,27303282,11097703424.000
2024-11-13,387.400,397.400,386.200,394.000,28307185,11330712832.000
2024-11-14,391.800,405.200,388.000,393.600,34898922,14209879808.000
2024-11-15,394.200,397.200,389.200,391.200,29061324,11694318592.000
2024-11-18,395.400,403.600,391.800,394.400,20493537,8334918144.000
2024-11-19,396.800,399.200,393.600,396.400,13879296,5642160896.000
2024-11-20,398.400,404.000,396.400,401.000,15005135,6154781952.000
2024-11-21,399.600,401.600,397.200,397.800,12501718,5113866240.000
2024-11-22,399.000,402.600,389.800,390.800,16949546,6864777472.000
2024-11-25,390.200,392.600,384.000,385.400,27888308,11050846464.000
2024-11-26,382.400,389.400,382.400,384.000,16940574,6691211776.000
2024-11-27,384.800,396.400,382.200,393.000,16685594,6663311616.000
2024-11-28,391.600,394.400,387.600,390.200,13067643,5231565824.000
2024-11-29,385.200,393.000,385.200,388.200,15626995,6222578688.000
2024-12-02,388.200,391.800,385.800,390.000,13334410,5315344128.000
2024-12-03,393.400,394.600,384.600,394.600,18362569,7349822464.000
2024-12-04,392.400,395.800,390.000,393.400,14053234,5659584256.000
2024-12-05,393.600,396.800,391.000,395.400,13314801,5387437312.000
2024-12-06,397.000,404.800,395.200,402.800,27711445,11355635200.000
2024-12-09,396.400,411.400,396.400,409.000,22461949,9280106240.000
2024-12-10,420.200,421.200,400.600,401.400,30282843,12685586432.000
2024-12-11,405.000,405.200,397.400,400.000,13098201,5375397888.000
2024-12-12,404.200,413.000,399.400,405.800,23414258,9764008448.000
2024-12-13,403.200,405.200,398.800,400.000,16296064,6700157696.000
2024-12-16,400.200,401.600,394.000,395.800,14059845,5717887488.000
2024-12-17,392.200,398.200,392.000,392.800,16779048,6775381504.000
2024-12-18,398.200,399.000,394.200,396.200,14906072,6055022848.000
2024-12-19,392.400,412.200,391.600,405.400,34671236,14310455040.000
2024-12-20,404.400,420.000,404.400,416.600,44834041,19091460096.000
2024-12-23,420.800,421.200,406.400,410.400,20856154,8789976320.000
2024-12-24,411.200,411.800,407.800,410.200,7873769,3304033744.000
2024-12-27,407.800,411.200,405.800,407.600,13545082,5658808320.000
2024-12-30,408.200,412.000,406.000,409.200,13515622,5658833664.000
2024-12-31,407.400,411.600,406.000,407.200,10867280,4549301760.000
2025-01-02,407.200,415.200,403.800,406.200,20733037,8663880704.000
2025-01-03,408.200,409.200,400.600,404.400,16843241,6981756928.000
2025-01-06,405.200,405.200,397.400,399.600,16869318,6913961984.000
2025-01-07,370.800,383.000,366.800,369.800,142920468,54765124608.000
2025-01-08,361.400,370.000,355.800,359.400,95456188,35455056128.000
2025-01-09,355.200,369.600,355.200,363.600,60578450,22635953920.000
2025-01-10,363.800,369.600,359.800,359.800,37053933,13862840320.000
2025-01-13,355.000,361.800,355.000,356.200,34785015,12807672320.000
2025-01-14,355.800,369.800,355.800,365.200,40623785,15194363136.000
2025-01-15,363.600,375.600,363.200,370.200,29158255,11078584832.000
2025-01-16,374.200,376.800,366.800,372.600,26141103,9980555776.000
2025-01-17,371.200,372.400,368.600,370.000,17138321,6508060672.000
2025-01-20,370.400,383.000,370.400,380.000,31141403,12097853952.000
2025-01-21,382.200,382.400,376.600,377.600,25249668,9804257280.000
2025-01-22,375.200,378.800,371.200,373.600,17859069,6847451648.000
2025-01-23,373.200,376.200,369.800,371.400,21256810,8126061056.000
2025-01-24,373.400,382.600,372.400,380.800,24079119,9365231104.000
2025-01-27,378.200,388.200,378.200,385.800,23605938,9317465088.000
2025-01-28,391.200,396.200,389.200,391.400,14203491,5712247808.000
2025-02-03,390.200,395.000,384.400,394.400,27917841,11162153216.000
2025-02-04,399.400,411.400,397.200,411.000,31276268,13026602752.000
2025-02-05,411.800,411.800,400.200,408.000,32129392,13372038912.000
2025-02-06,406.400,410.600,403.600,410.600,19585105,8177045248.000
2025-02-07,410.600,422.600,408.000,418.400,34567530,14741790976.000
2025-02-10,419.800,430.000,419.000,427.200,31411302,13701174528.000
2025-02-11,430.200,431.400,415.800,417.600,30893563,13324637696.000
2025-02-12,419.200,434.800,416.200,434.400,38264929,16740640512.000
2025-02-13,439.200,454.800,427.200,432.200,60985718,27423907072.000
2025-02-14,440.000,465.000,436.800,465.000,74519223,34511558144.000
2025-02-17,496.200,502.200,475.200,483.800,126223580,63032650496.000
2025-02-18,484.400,503.200,484.000,493.700,62529454,31471019776.000
2025-02-19,490.200,490.700,483.400,488.000,34127174,16979621120.000
2025-02-20,481.400,483.200,472.800,477.000,34549151,16830027008.000
2025-02-21,495.200,507.200,489.600,507.200,73545153,37396803584.000
2025-02-24,512.200,512.200,487.400,487.400,67542767,34199696384.000
2025-02-25,468.000,481.200,466.600,475.000,56509529,27378431232.000
2025-02-26,478.200,498.200,478.000,491.700,40489654,20234072832.000
2025-02-27,493.700,502.200,481.800,485.600,38902820,19434077184.000
2025-02-28,483.000,488.000,466.200,468.800,52160819,25187448064.000
2025-03-03,473.800,487.200,470.000,473.400,32752021,15971446272.000
2025-03-04,469.200,483.200,463.400,481.200,31124964,15131838720.000
2025-03-05,492.200,499.200,488.200,495.700,35165757,17704409856.000
2025-03-06,511.200,534.200,511.200,534.200,79683892,42493519360.000
2025-03-07,529.200,537.200,519.200,523.700,46494425,24958094080.000
2025-03-10,518.200,527.700,502.200,506.700,34415026,17943129856.000
2025-03-11,491.700,510.200,490.700,507.700,33852768,17316782848.000
2025-03-12,513.200,515.200,495.200,502.200,28031056,14392005120.000
2025-03-13,503.200,506.200,489.400,497.700,27326941,13847803136.000
2025-03-14,503.200,521.200,497.700,511.700,30711707,16031719936.000
2025-03-17,522.200,524.700,512.200,514.700,22096160,11643059968.000
2025-03-18,528.700,533.700,523.700,531.200,33639833,18122094080.000
2025-03-19,532.700,535.200,524.200,530.200,31604153,17070297088.000
2025-03-20,530.700,531.200,508.200,509.700,49845030,26156573440.000
2025-03-21,508.200,516.200,495.700,501.700,42260479,21649092864.000
2025-03-24,504.200,507.700,494.700,503.200,24598555,12575591680.000
2025-03-25,503.200,505.700,491.200,492.200,27744935,14019727360.000
2025-03-26,492.200,500.700,492.200,496.700,17310634,8757798656.000
2025-03-27,499.200,506.200,492.200,499.200,17595617,8980372224.000
2025-03-28,501.700,506.700,493.700,499.700,18594342,9479836672.000
2025-03-31,495.200,497.700,484.800,487.200,28036973,13996724992.000
2025-04-01,491.200,501.700,490.200,494.200,19518013,9865122816.000
2025-04-02,495.200,499.200,489.400,494.200,14247546,7168421888.000
2025-04-03,483.200,490.700,481.400,488.000,29219618,14472384768.000
2025-04-07,432.000,452.600,421.200,425.600,123364114,54994755328.000
2025-04-08,431.000,441.400,420.200,430.600,65120104,28693494016.000
2025-04-09,416.200,437.200,409.200,431.400,66484213,28808415232.000
2025-04-10,450.200,451.800,433.200,435.000,57799983,26103188992.000
2025-04-11,430.200,442.800,422.200,433.600,46594597,20558649856.000
2025-04-14,443.200,449.400,439.000,444.200,30346489,13773742848.000
2025-04-15,454.800,454.800,441.800,446.200,20245398,9242295296.000
2025-04-16,440.800,441.800,430.400,438.200,27322773,12171376896.000
2025-04-17,440.600,452.200,440.000,448.200,24479822,11188898048.000
2025-04-22,450.200,453.000,443.400,450.600,24043746,11018599424.000
2025-04-23,466.200,469.600,461.600,464.400,27001392,12813463808.000
2025-04-24,467.200,468.000,455.200,461.200,18912016,8907706112.000
2025-04-25,470.200,476.000,465.200,468.400,28746958,13792345600.000
2025-04-28,472.600,472.600,465.000,468.400,13805160,6604528896.000
2025-04-29,468.000,468.600,459.200,463.200,16367401,7747651840.000
2025-04-30,465.200,467.400,459.600,467.400,15312733,7270748160.000
2025-05-02,468.400,480.000,467.600,478.000,13240838,6439557632.000
2025-05-06,481.800,487.000,475.400,485.600,19813305,9767609856.000
2025-05-07,499.200,499.700,479.800,480.000,25616342,12734545408.000
2025-05-08,477.200,492.200,476.800,488.200,19815740,9857527552.000
2025-05-09,490.200,493.700,482.200,484.800,13777285,6836991232.000
2025-05-12,494.200,511.700,489.200,507.700,35846811,18321323008.000
2025-05-13,510.200,510.200,495.700,496.200,23119901,11791025152.000
2025-05-14,502.200,511.200,500.700,511.200,24294663,12575314944.000
2025-05-15,521.700,522.200,505.200,510.200,32799956,17065523200.000
2025-05-16,504.200,511.700,501.200,502.700,21334027,10891135232.000
2025-05-19,502.700,511.700,497.200,508.700,22457714,11478846720.000
2025-05-20,507.200,512.200,506.200,511.700,15792185,8134553600.000
2025-05-21,513.700,519.200,510.200,515.200,18924042,9840860416.000
2025-05-22,514.700,514.700,507.700,511.200,14281176,7365728256.000
2025-05-23,511.700,515.200,506.700,512.700,16262610,8391879168.000
2025-05-26,509.700,511.700,502.700,504.700,17286567,8831775488.000
2025-05-27,503.200,509.200,501.700,506.700,14986877,7662280448.000
2025-05-28,507.700,509.700,497.200,500.700,16813826,8524415488.000
2025-05-29,502.700,506.700,498.200,505.200,19368449,9841396736.000
